Country,Year,Population (M),Population WPP (000s),Pop Density (per km²),Median Age (yrs),Pop Growth Rate (%),"Birth Rate (per 1,000)",Fertility Rate,"Death Rate (per 1,000)",Life Expectancy (yrs),"Infant Mortality (per 1,000)","Net Migration Rate (per 1,000)",Net Migrants (000s),GDP (Current USD),GDP Per Capita (USD),Health Exp (% of GDP),Health Exp Per Capita (USD),Govt Health Exp (% Gov Exp),Out-of-Pocket (% Health Exp),Lebanon CPI (Dec 2013=100),"Male Population, as of 1 July (thousands)","Female Population, as of 1 July (thousands)",Male Deaths (thousands),Female Deaths (thousands),Male Life Expectancy at Birth (years),Female Life Expectancy at Birth (years),Male Life Expectancy at Age 15 (years),Female Life Expectancy at Age 15 (years),Male Life Expectancy at Age 65 (years),Female Life Expectancy at Age 65 (years),Male Life Expectancy at Age 80 (years),Female Life Expectancy at Age 80 (years),"Male Mortality before Age 40 (deaths under age 40 per 1,000 male live births)","Female Mortality before Age 40 (deaths under age 40 per 1,000 female live births)","Male Mortality before Age 60 (deaths under age 60 per 1,000 male live births)","Female Mortality before Age 60 (deaths under age 60 per 1,000 female live births)","Male Mortality between Age 15 and 50 (deaths under age 50 per 1,000 males alive at age 15)","Female Mortality between Age 15 and 50 (deaths under age 50 per 1,000 females alive at age 15)","Male Mortality between Age 15 and 60 (deaths under age 60 per 1,000 males alive at age 15)","Female Mortality between Age 15 and 60 (deaths under age 60 per 1,000 females alive at age 15)"
Egypt,2010,89.1961,89196.072,89.604,22.206,1.924,27.491,3.296,6.076,69.078,23.317,-2.176,-194.1,218983666062.0,2455.08,4.15319157,101.96,4.36156321,62.62810135,,45104.004,44092.069,292.627,249.357,66.692,71.534,54.113,58.767,11.739,13.869,5.065,5.6,68.981,50.574,251.105,160.692,80.442,46.996,223.076,133.86
Egypt,2011,91.0931,91093.059,91.509,22.382,2.281,27.476,3.311,6.049,69.232,22.384,1.385,126.17,235989672978.0,2590.64,4.35707569,112.88,4.82708216,60.49510574,,46048.544,45044.515,297.675,253.387,66.844,71.69,54.185,58.842,11.731,13.857,5.051,5.577,68.499,49.196,246.715,156.983,79.611,46.219,219.497,131.057
Egypt,2012,93.161,93161.001,93.587,22.548,2.209,28.117,3.4,5.999,69.464,21.446,-0.028,-2.626,279116666667.0,2996.07,4.45891809,133.59,4.38540936,60.88405991,,47092.942,46068.06,301.81,257.096,67.097,71.898,54.35,58.958,11.739,13.863,5.04,5.561,66.804,47.49,240.096,152.436,77.354,45.084,213.763,127.546
Egypt,2013,95.3336,95333.553,95.769,22.686,2.399,28.591,3.49,5.966,69.632,20.641,1.367,130.305,288434108527.0,3025.53,4.6710043,141.32,4.1566329,57.93513489,,48189.501,47144.052,307.549,261.242,67.263,72.068,54.451,59.065,11.748,13.873,5.027,5.549,66.673,46.345,235.173,148.553,76.776,44.212,209.481,124.366
Egypt,2014,97.5287,97528.654,97.974,22.797,2.156,28.393,3.49,5.879,69.911,19.799,-0.952,-92.801,305595408895.0,3133.39,4.77415323,149.59,4.16148472,55.12137222,,49290.446,48238.207,309.809,263.52,67.574,72.31,54.68,59.223,11.784,13.91,5.021,5.55,64.705,44.67,227.406,143.706,74.178,42.882,202.537,120.476
Egypt,2015,99.5973,99597.342,100.053,22.878,2.043,28.184,3.5,5.818,70.135,19.074,-1.941,-193.298,329366576819.0,3306.98,5.06153202,167.38,5.05797672,58.8299675,,50313.586,49283.756,313.263,266.154,67.809,72.518,54.853,59.371,11.824,13.955,5.016,5.557,63.994,43.481,221.315,139.602,72.995,41.822,197.066,117.052
Egypt,2016,101.6446,101644.589,102.109,22.959,2.027,26.679,3.35,5.707,70.437,18.366,-0.704,-71.604,332441717791.0,3270.63,5.07462406,165.97,5.05797672,58.99694824,,51327.304,50317.285,312.883,267.203,68.164,72.756,55.142,59.544,11.884,14.015,5.018,5.573,61.495,42.096,212.91,135.196,69.678,40.541,189.299,113.397
Egypt,2017,103.6961,103696.057,104.17,23.048,1.97,26.1,3.31,5.628,70.709,17.712,-0.771,-80.0,248362771739.0,2395.1,5.34661913,128.06,5.41994762,56.39825058,,52358.181,51337.876,314.433,269.173,68.475,72.982,55.394,59.712,11.948,14.083,5.024,5.595,59.614,40.886,205.708,131.219,67.216,39.399,182.698,110.083
Egypt,2018,105.6821,105682.094,106.165,23.166,1.826,23.592,3.02,5.533,70.974,17.077,0.197,20.788,262588632527.0,2484.7,4.74892998,118.0,4.72158527,62.61043167,,53361.197,52320.897,314.831,269.931,68.773,73.209,55.631,59.88,12.017,14.158,5.037,5.622,57.822,39.67,199.116,127.446,65.042,38.306,176.748,106.996
Egypt,2019,107.5532,107553.158,108.045,23.328,1.686,22.267,2.87,5.477,71.213,16.487,0.066,7.05,318678815490.0,2962.99,4.5994668,136.28,4.82284689,62.50646591,,54305.283,53247.874,317.062,272.056,69.041,73.415,55.844,60.035,12.086,14.234,5.055,5.654,56.204,38.632,193.442,124.214,63.156,37.383,171.658,104.367
Egypt,2020,109.3151,109315.124,109.815,23.488,1.565,22.004,2.85,6.407,69.79,15.907,0.055,6.016,383817841547.0,3511.11,4.15384626,145.85,5.16112232,59.31352997,,55193.553,54121.571,374.858,325.506,67.691,71.958,54.375,58.457,10.714,12.864,4.117,4.929,57.507,39.319,205.786,134.399,71.2,42.918,185.334,115.884
Egypt,2021,110.957,110957.008,111.464,23.636,1.417,21.154,2.75,7.036,68.976,15.355,0.056,6.161,424671765456.0,3827.35,4.60955143,176.42,6.79944944,54.90198135,,56026.137,54930.87,404.195,376.481,67.185,70.808,53.806,57.243,10.2,11.876,3.707,4.257,59.164,40.726,209.943,145.479,76.255,48.388,190.189,127.668
Egypt,2022,112.6182,112618.25,113.133,23.813,1.554,21.091,2.75,5.675,71.01,14.885,0.122,13.707,476747720365.0,4233.31,4.72362804,199.97,6.76073837,53.72835159,,56867.199,55751.05,346.862,292.275,68.831,73.24,55.447,59.68,11.797,14.019,4.893,5.536,53.935,36.608,196.626,126.535,64.934,38.646,177.1,108.883
Egypt,2023,114.5358,114535.772,115.059,24.028,1.821,21.004,2.75,5.461,71.633,14.556,2.663,305.006,395926075163.0,3456.79,4.88449335,168.85,6.92673063,57.19506836,,57830.586,56705.185,338.919,286.529,69.493,73.809,56.103,60.247,12.134,14.343,5.056,5.698,51.912,35.536,184.466,118.577,60.274,35.851,164.923,100.929
Egypt,2024,116.5383,116538.258,117.071,24.254,1.647,20.915,2.735,5.506,71.806,13.172,1.063,123.884,389059911004.0,3338.47,,,,,,58840.145,57698.113,348.423,293.183,69.652,74.009,56.122,60.316,12.254,14.387,5.173,5.75,48.425,32.438,186.816,117.227,59.566,34.707,169.058,101.211
France,2010,65.0262,63417.363,115.016,39.013,0.49,12.692,2.017,8.625,81.405,3.587,0.83,52.644,2646230027988.0,40694.82,11.22430801,4567.71,13.74877739,11.44470692,,30708.895,32708.467,278.716,268.242,77.997,84.661,63.426,70.05,18.538,22.717,8.382,10.624,27.344,13.139,120.661,58.091,48.875,22.522,115.675,53.657
France,2011,65.3408,63733.777,115.59,39.262,0.506,12.448,1.995,8.493,81.781,3.361,1.101,70.178,2870408553990.0,43929.78,11.17601013,4909.6,13.81847191,11.45023441,,30861.392,32872.385,275.995,265.301,78.399,85.001,63.807,70.371,18.831,23.019,8.596,10.857,26.332,12.804,117.367,56.771,47.286,21.926,112.627,52.558
France,2012,65.6577,64058.465,116.178,39.518,0.511,12.326,1.99,8.832,81.739,3.467,1.612,103.287,2683007095787.0,40863.58,11.33749485,4632.91,13.81584549,11.32722759,,31019.013,33039.453,284.964,280.793,78.466,84.862,63.886,70.235,18.772,22.821,8.498,10.661,24.773,12.606,113.953,55.856,44.805,21.241,109.08,51.592
France,2013,65.9979,64387.734,116.776,39.773,0.515,12.131,1.973,8.79,81.979,3.597,1.806,116.297,2816077607875.0,42669.18,11.37891197,4855.29,13.98372078,10.17825317,,31181.964,33205.77,285.202,280.757,78.738,85.066,64.171,70.457,18.941,23.009,8.641,10.836,24.363,12.399,110.348,54.93,43.544,20.566,105.312,50.472
France,2014,66.3121,64692.493,117.328,40.033,0.43,12.063,1.974,8.573,82.437,3.477,0.809,52.342,2861236112552.0,43148.05,11.57935429,4996.27,14.14818859,11.10480595,,31323.019,33369.474,279.319,275.286,79.245,85.456,64.662,70.829,19.304,23.355,8.914,11.144,23.66,12.043,105.298,53.587,41.61,20.213,100.459,49.351
France,2015,66.5483,64916.336,117.734,40.286,0.261,11.711,1.927,9.094,82.149,3.636,-0.005,-0.345,2442483452642.0,36702.43,11.50032997,4220.9,14.51650238,10.9781208,,31416.099,33500.238,294.517,295.812,78.992,85.167,64.433,70.549,19.104,23.058,8.738,10.874,24.275,12.162,106.737,53.748,42.558,19.929,101.6,49.398
France,2016,66.7241,65086.855,118.044,40.52,0.263,11.441,1.892,9.045,82.401,3.607,0.239,15.548,2470407619777.0,37024.22,11.57036018,4283.84,15.17427444,10.71399021,,31501.022,33585.834,293.538,295.197,79.295,85.359,64.725,70.737,19.293,23.235,8.917,11.048,23.299,12.122,102.924,52.631,40.612,19.664,97.927,48.333
France,2017,66.918,65284.776,118.403,40.71,0.344,11.099,1.859,9.239,82.439,3.764,1.577,102.984,2588868323335.0,38687.16,11.44944572,4429.47,15.21064568,10.63998699,,31605.558,33679.217,298.102,305.084,79.421,85.314,64.854,70.707,19.335,23.197,8.941,11.016,23.093,11.993,100.39,52.687,39.806,19.046,95.362,48.228
France,2018,67.1583,65519.543,118.828,40.885,0.374,10.947,1.837,9.234,82.568,3.806,2.029,132.925,2781576320884.0,41418.18,11.30847645,4683.76,15.22242165,10.44571686,,31721.037,33798.505,300.219,304.759,79.544,85.454,64.991,70.845,19.439,23.335,9.057,11.156,23.581,11.934,99.4,52.649,39.825,19.311,94.203,48.209
France,2019,67.3821,65729.459,119.209,41.08,0.266,10.826,1.826,9.264,82.73,3.738,1.095,71.972,2722793515172.0,40408.28,11.17058277,4513.84,15.05257702,10.31887913,,31832.377,33897.082,301.149,307.741,79.752,85.571,65.204,70.953,19.56,23.409,9.165,11.221,23.63,11.954,97.019,51.36,39.134,18.84,91.763,47.028
France,2020,67.6011,65905.277,119.528,41.252,0.269,10.56,1.785,10.084,82.199,3.501,2.209,145.593,2647926055110.0,39169.86,12.12949371,4751.11,15.00467205,9.42379379,,31923.744,33981.533,331.151,333.406,79.179,85.137,64.584,70.499,18.906,22.924,8.697,10.843,22.547,11.43,97.67,51.028,39.239,18.516,92.925,46.904
France,2021,67.8428,66083.548,119.851,41.39,0.272,10.627,1.799,9.899,82.322,3.691,1.989,131.465,2966433692008.0,43725.1,12.24894238,5355.86,15.55704594,9.1691618,,32016.483,34067.065,328.65,325.519,79.26,85.299,64.691,70.677,19.059,23.094,8.912,11.078,23.338,11.727,98.661,50.392,39.864,18.094,93.623,46.094
France,2022,68.1845,66277.409,120.203,41.567,0.314,10.374,1.76,9.94,82.475,3.639,2.706,179.377,2794788137067.0,40988.64,11.82888794,4848.5,15.25470066,9.24756908,,32116.982,34160.427,334.391,324.407,79.32,85.564,64.777,70.958,19.114,23.284,8.897,11.23,25.888,11.97,98.542,48.57,42.002,18.054,93.199,44.086
France,2023,68.3723,66438.822,120.496,41.817,0.173,9.616,1.639,9.273,83.325,3.503,1.383,91.862,3056250648138.0,44700.14,11.51974583,5149.34,13.69694614,9.26032639,,32202.286,34236.535,305.527,310.568,80.428,86.088,65.852,71.445,19.999,23.776,9.406,11.449,21.504,10.913,91.112,48.2,35.819,17.255,86.207,44.169
France,2024,68.5517,66548.53,120.694,42.068,0.157,9.557,1.636,9.343,83.458,3.155,1.36,90.527,3160442622465.0,46103.08,11.53530598,5318.13,13.80644608,9.22742558,,32261.677,34286.854,308.78,312.986,80.586,86.203,65.968,71.542,20.162,23.86,9.434,11.462,20.695,10.659,91.572,47.969,36.114,17.523,87.156,44.146
Germany,2010,81.7769,80830.924,231.9,43.265,-0.068,8.373,1.4,10.663,80.081,3.467,1.61,130.116,3467093769667.0,42396.97,10.8311739,4592.09,17.12050629,13.30298233,,39383.812,41447.113,411.254,450.616,77.434,82.617,62.85,67.989,17.259,20.581,7.565,9.058,22.058,12.28,106.854,57.629,39.038,20.35,101.906,53.278
Germany,2011,80.275,80857.874,231.977,43.632,0.135,8.272,1.385,10.577,80.355,3.587,3.652,295.282,3823575803794.0,47630.98,10.52106953,5011.29,17.61068344,13.32311726,,39432.27,41425.604,409.709,445.54,77.768,82.827,63.199,68.21,17.514,20.804,7.723,9.23,21.52,12.152,103.758,57.403,37.229,19.811,98.649,52.918
Germany,2012,80.4258,80916.39,232.145,44.076,0.01,8.421,1.405,10.782,80.502,3.302,2.461,199.143,3596483233406.0,44718.02,10.59356213,4737.23,17.81566429,13.48985386,,39546.791,41369.599,418.187,454.221,77.967,82.942,63.363,68.289,17.577,20.796,7.696,9.19,20.111,11.312,100.221,55.176,35.726,18.919,95.507,51.117
Germany,2013,80.6456,81041.582,232.504,44.487,0.299,8.387,1.415,11.103,80.454,3.304,5.706,462.384,3807023797051.0,47206.84,10.7432127,5071.53,18.26494598,12.68544769,,39699.059,41342.522,433.46,466.364,77.983,82.858,63.382,68.207,17.557,20.742,7.687,9.159,19.806,11.737,99.419,55.856,34.964,19.154,94.683,51.762
Germany,2014,80.9825,81376.08,233.464,44.733,0.524,8.734,1.469,10.769,80.906,3.258,7.279,592.338,3964870735761.0,48959.6,10.76819706,5272.07,18.72784805,12.35032654,,39924.825,41451.255,426.36,449.962,78.424,83.319,63.809,68.66,17.921,21.112,7.956,9.464,19.424,10.966,95.702,53.55,34.028,17.986,91.127,49.579
Germany,2015,81.6866,82077.55,235.476,44.813,1.189,8.925,1.501,11.35,80.566,3.285,14.319,1175.283,3425099578746.0,41929.75,10.92317677,4580.06,18.99507332,12.35095024,,40401.847,41675.704,453.523,478.096,78.126,82.972,63.506,68.332,17.655,20.818,7.772,9.231,19.817,11.678,96.985,54.344,34.8,18.536,92.462,50.13
Germany,2016,82.3487,82760.102,237.434,44.816,0.47,9.524,1.591,11.077,80.837,3.517,6.253,517.48,3536787895179.0,42948.94,10.97133732,4712.07,19.07775879,12.18544674,,40841.79,41918.313,452.167,464.591,78.381,83.263,63.8,68.635,17.875,21.106,7.991,9.511,19.786,11.46,94.941,53.861,33.941,18.31,89.963,49.531
Germany,2017,82.657,83104.007,238.421,44.889,0.36,9.439,1.57,11.293,80.937,3.233,5.451,452.988,3765351626106.0,45553.93,11.05091095,5034.12,19.37729454,12.01707077,,41022.496,42081.511,461.856,476.652,78.559,83.288,63.934,68.635,17.878,21.055,7.981,9.469,18.708,11.204,90.978,52.11,32.558,17.8,86.517,48.047
Germany,2018,82.9058,83368.505,239.18,44.928,0.276,9.448,1.566,11.533,80.875,3.174,4.845,403.908,4055433215302.0,48916.17,11.18380833,5470.69,19.4917202,12.1757164,,41163.696,42204.81,474.262,487.221,78.51,83.228,63.896,68.569,17.871,21.01,8.024,9.476,18.748,11.263,91.496,52.252,32.703,18.026,86.9,48.257
Germany,2019,83.093,83559.186,239.727,44.904,0.181,9.32,1.541,11.329,81.189,3.189,3.819,319.082,3959894794039.0,47656.2,11.42805386,5446.18,19.52608109,12.37548542,,41261.516,42297.67,470.12,476.522,78.827,83.539,64.215,68.876,18.081,21.249,8.234,9.696,18.453,11.006,88.219,50.516,32.2,17.23,83.607,46.59
Germany,2020,83.1609,83628.708,239.926,44.876,-0.015,9.269,1.531,11.848,81.004,3.061,2.433,203.468,3941398957074.0,47394.87,12.46780777,5909.1,19.31024361,11.3380394,,41291.235,42337.474,496.737,494.112,78.597,83.425,63.943,68.753,17.837,21.101,8.048,9.579,18.169,10.699,89.131,50.042,32.665,17.446,84.999,46.218
Germany,2021,83.1961,83697.083,240.122,44.923,0.178,9.507,1.577,11.434,81.106,3.029,3.707,310.264,4355251953411.0,52349.25,12.72403336,6660.94,19.96162605,11.36333561,,41319.353,42377.729,493.067,463.925,78.554,83.688,63.909,69.014,18.003,21.471,8.636,10.27,18.601,10.888,93.112,51.646,34.308,18.035,88.898,47.838
Germany,2022,83.1778,84086.227,241.239,45.024,0.748,8.688,1.46,12.877,80.58,3.121,11.673,981.552,4201021706479.0,50506.52,12.44708347,6286.59,20.44145393,10.43201256,,41511.584,42574.643,543.991,538.769,78.077,83.141,63.473,68.504,17.61,20.869,7.931,9.318,19.675,11.364,95.717,51.118,35.144,17.179,90.975,46.843
Germany,2023,83.2873,84548.231,242.564,45.147,0.349,8.507,1.441,12.231,81.378,2.969,7.21,609.553,4562207532490.0,54776.77,11.74428654,6433.14,19.20581627,11.05290699,,41745.842,42802.389,517.674,516.466,79.017,83.756,64.375,69.068,18.176,21.332,8.242,9.661,17.086,10.109,86.184,47.873,30.652,15.922,81.929,44.228
Germany,2024,83.5166,84552.242,242.576,45.287,-0.339,8.483,1.448,12.31,81.539,2.821,0.437,36.954,4685592577805.0,56103.73,12.26655293,6881.99,,10.7067318,,41753.037,42799.204,522.098,518.761,79.214,83.878,64.558,69.186,18.37,21.494,8.268,9.741,17.258,10.132,86.259,48.864,30.648,16.528,82.176,45.277
Greece,2010,11.1213,11124.67,85.038,40.334,0.058,10.333,1.485,9.934,80.573,3.588,0.18,2.001,296417644404.0,26653.05,9.61952496,2563.9,12.48673058,28.25885201,,5445.717,5678.953,57.675,52.839,77.699,83.429,63.105,68.79,17.482,20.804,7.635,9.546,22.73,10.988,104.727,44.749,41.151,16.702,99.912,40.52
Greece,2011,11.1049,11108.844,84.917,40.772,-0.343,9.6,1.395,10.168,80.625,3.574,-2.861,-31.786,283228079776.0,25504.79,9.18577003,2342.81,10.9583807,31.15849113,,5426.588,5682.255,59.594,53.359,77.633,83.62,63.038,68.979,17.428,20.958,7.616,9.66,22.404,10.678,105.111,43.783,40.745,16.145,100.297,39.592
Greece,2012,11.045,11048.298,84.454,41.225,-0.751,9.121,1.345,10.717,80.422,3.581,-5.916,-65.364,238841140018.0,21624.35,9.04327774,1955.55,9.92933273,30.44894409,,5381.494,5666.803,61.789,56.619,77.493,83.349,62.891,68.699,17.308,20.721,7.567,9.493,22.024,10.617,106.138,44.885,40.572,16.421,101.425,40.792
Greece,2013,10.9652,10967.54,83.837,41.705,-0.716,8.61,1.292,10.36,81.067,3.597,-5.409,-59.323,236556279641.0,21573.34,8.52183914,1838.45,8.19275188,33.73947525,,5324.546,5642.995,59.283,54.339,78.136,83.957,63.532,69.31,17.754,21.227,7.889,9.869,20.486,10.053,100.02,42.109,37.415,15.061,95.345,37.997
Greece,2014,10.8924,10893.166,83.268,42.199,-0.645,8.482,1.298,10.644,81.12,3.617,-4.285,-46.678,233911581521.0,21474.73,7.94358587,1705.86,8.77235889,37.19953156,,5273.583,5619.583,60.191,55.757,78.205,83.985,63.606,69.34,17.803,21.25,7.94,9.89,19.966,9.905,98.893,41.858,36.419,14.788,94.151,37.726
Greece,2015,10.8209,10820.903,82.716,42.682,-0.687,8.507,1.328,11.357,80.789,3.633,-4.016,-43.462,194567373678.0,17980.73,8.26719952,1486.5,8.70538139,36.03439331,,5227.191,5593.712,63.141,59.756,77.929,83.601,63.33,68.96,17.575,20.925,7.825,9.665,19.878,10.056,100.808,43.341,36.637,15.121,96.076,39.147
Greece,2016,10.776,10775.504,82.369,43.077,-0.153,8.632,1.382,11.135,81.269,3.638,0.973,10.484,193097239006.0,17919.24,8.45097542,1514.35,8.80892181,34.30815125,,5202.35,5573.154,60.782,59.204,78.54,83.911,63.933,69.258,17.983,21.164,8.137,9.856,18.394,9.539,95.183,41.949,33.763,14.3,90.555,37.918
Greece,2017,10.7547,10753.533,82.201,43.393,-0.255,8.234,1.35,11.761,80.961,3.642,0.975,10.483,200381103984.0,18631.99,8.11336899,1511.68,8.84219933,34.99521637,,5194.437,5559.096,63.83,62.639,78.246,83.605,63.641,68.959,17.738,20.905,8.018,9.683,18.348,9.689,97.23,43.111,33.821,14.446,92.585,38.988
Greece,2018,10.7329,10730.844,82.028,43.71,-0.167,8.054,1.35,11.398,81.495,3.598,1.672,17.938,213298873494.0,19873.4,8.07267761,1604.32,8.59100723,36.0800705,,5187.141,5543.703,61.789,60.521,78.789,84.114,64.18,69.463,18.102,21.314,8.301,10,17.13,9.121,91.984,40.729,31.232,13.276,87.385,36.68
Greece,2019,10.7216,10718.576,81.934,44.005,-0.061,7.798,1.337,11.844,81.349,3.559,3.43,36.762,207305649887.0,19335.36,8.11709499,1569.47,8.3047123,33.64273453,,5189.163,5529.413,63.381,63.567,78.744,83.866,64.128,69.216,18.02,21.093,8.296,9.863,16.591,9.153,91.642,41.477,30.48,13.323,87.118,37.4
Greece,2020,10.6986,10699.369,81.787,44.318,-0.297,7.921,1.386,11.488,81.536,3.232,0.594,6.353,191362985555.0,17886.73,9.38074493,1677.91,8.54084015,33.44511032,,5185.175,5514.194,61.551,61.362,78.751,84.302,64.145,69.611,18.356,21.817,8.87,10.198,21.719,9.967,98.446,47.286,36.723,16.939,93.813,43.718
Greece,2021,10.5692,10579.561,80.871,44.859,-1.964,8.144,1.432,12.635,80.531,3.488,-15.15,-160.277,218303801895.0,20654.7,9.03178692,1865.49,9.49316025,33.31882477,,5125.529,5454.032,68.771,64.907,77.553,83.519,62.96,68.871,17.621,21.296,8.497,10.15,23.934,10.738,111.495,52.356,42.836,17.908,106.698,48.276
Greece,2022,10.4369,10412.48,79.594,45.391,-1.214,7.123,1.308,14.072,79.944,3.677,-5.186,-53.997,217990189601.0,20886.52,8.44938278,1764.78,8.65288067,33.53891373,,5042.923,5369.557,72.694,73.835,77.246,82.61,62.749,68.126,17.629,20.499,7.902,9.389,27.954,13.818,115.213,54.463,46.411,18.549,109.237,48.361
Greece,2023,10.4074,10242.908,78.298,45.747,-2.077,7.191,1.334,12.401,81.857,3.325,-15.565,-159.43,242946187738.0,23343.71,8.39367008,1959.39,8.5835247,34.30307007,,4961.195,5281.713,63.596,63.422,79.287,84.331,64.654,69.655,18.243,21.406,8.638,10.192,13.815,7.963,82.514,37.383,25.973,11.5,78.167,33.628
Greece,2024,10.4051,10047.817,76.806,46.274,-1.766,7.107,1.336,12.545,82.031,2.894,-12.219,-122.772,256238371778.0,24626.15,,,,,,4867.044,5180.773,62.69,63.356,79.504,84.456,64.817,69.753,18.544,21.541,8.481,10.097,15.01,8.215,85.488,38.561,29.112,12.782,81.812,35.118
Italy,2010,59.8194,60164.213,203.275,42.513,0.422,9.348,1.443,9.689,82.132,3.175,4.561,274.387,2144936254535.0,35856.86,8.87928963,3183.83,13.98853397,20.54892731,,29148.832,31015.381,284.102,298.807,79.538,84.517,64.922,69.863,18.326,21.895,7.977,9.925,19.16,10.135,77.618,44.2,30.602,15.843,73.026,40.18
Italy,2011,60.0268,60367.88,203.963,42.877,0.254,9.075,1.427,9.821,82.228,3.078,3.289,198.544,2306974020278.0,38432.37,8.728508,3354.57,13.71105003,22.02705574,,29240.98,31126.9,287.62,305.267,79.701,84.55,65.08,69.885,18.436,21.935,8.051,9.956,18.63,10.076,76.529,44.373,29.826,15.764,71.997,40.478
Italy,2012,60.1912,60531.515,204.516,43.238,0.287,8.811,1.416,10.112,82.252,2.977,4.172,252.524,2097929495122.0,34854.39,8.7983427,3066.61,13.13403702,22.54990578,,29330.45,31201.065,294.966,317.112,79.805,84.505,65.157,69.84,18.451,21.853,8.01,9.862,17.678,9.829,74.792,43.617,28.991,15.449,70.594,39.729
Italy,2013,60.3116,60653.868,204.929,43.598,0.117,8.432,1.38,9.869,82.652,2.909,2.606,158.09,2153225581941.0,35701.67,8.7897644,3138.09,12.98263645,22.74235916,,29407.591,31246.277,289.544,309.044,80.204,84.902,65.582,70.195,18.769,22.186,8.246,10.143,17.079,9.314,72.392,42.048,27.242,15.124,67.886,38.653
Italy,2014,60.3207,60664.171,204.964,43.997,-0.083,8.179,1.364,9.877,82.901,2.75,0.868,52.679,2173255507986.0,36028.35,8.85913563,3191.8,13.08990002,22.95617104,,29425.983,31238.189,289.731,309.438,80.492,85.112,65.831,70.414,18.974,22.349,8.397,10.287,16.155,9.096,70.099,41.003,26.395,14.366,66.067,37.508
Italy,2015,60.2296,60575.316,204.664,44.402,-0.21,7.917,1.344,10.671,82.521,2.854,0.65,39.389,1845428048839.0,30639.88,8.84596729,2710.39,13.03132439,23.79615784,,29403.014,31172.302,307.319,339.08,80.225,84.653,65.568,69.959,18.753,21.927,8.193,9.884,16.558,9.175,71.4,42.153,27.32,14.583,67.308,38.605
Italy,2016,60.1152,60478.107,204.335,44.793,-0.111,7.725,1.336,10.231,83.046,2.804,1.398,84.568,1887111188177.0,31391.57,8.72043991,2737.48,13.1640873,23.69392776,,29391.61,31086.497,297.643,321.114,80.735,85.18,66.074,70.491,19.139,22.412,8.495,10.312,15.722,9.344,68.545,40.907,25.509,14.474,64.496,37.306
Italy,2017,60.0023,60390.318,204.039,45.177,-0.18,7.496,1.317,10.87,82.726,2.863,1.576,95.147,1970720904585.0,32844.12,8.69060516,2854.35,13.06240177,24.12751389,,29393.679,30996.639,313.368,343.05,80.449,84.858,65.808,70.181,18.982,22.13,8.334,10.064,17.295,9.76,70.796,41.511,27.816,14.819,66.505,37.759
Italy,2018,60.1487,60277.499,203.657,45.571,-0.194,7.215,1.286,10.545,83.184,2.84,1.388,83.686,2099435266459.0,34904.11,8.65467453,3020.84,13.14023685,23.96560478,,29379.159,30898.339,303.628,332.006,80.948,85.272,66.301,70.58,19.349,22.481,8.646,10.34,16.253,9.175,67.398,40.063,25.84,14.188,63.214,36.507
Italy,2019,59.7291,60130.136,203.16,45.998,-0.295,6.978,1.259,10.709,83.342,2.49,0.776,46.634,2019606796584.0,33812.79,8.61536789,2913.1,13.03116512,23.87487411,,29326.484,30803.652,308.129,335.782,81.142,85.401,66.448,70.671,19.416,22.531,8.663,10.375,15.161,8.373,65.102,38.651,25.119,13.685,61.47,35.543
Italy,2020,59.4389,59912.769,202.425,46.403,-0.429,6.81,1.242,12.525,82.181,2.455,1.423,85.281,1907481094079.0,32091.49,9.5643034,3069.33,12.77164555,21.48380089,,29229.606,30683.163,363.912,386.468,79.847,84.458,65.143,69.724,18.255,21.643,7.976,9.693,15.102,8.492,70.016,40.591,26.064,14.248,66.449,37.489
Italy,2021,59.1332,59729.35,201.805,46.773,-0.184,6.815,1.252,11.287,82.865,2.264,2.634,157.327,2179207773596.0,36852.54,9.28164482,3420.52,12.34570313,22.81378746,,29153.42,30575.93,329.132,345.02,80.585,85.054,65.863,70.318,19.04,22.285,8.764,10.45,15.516,8.79,69.644,40.755,26.794,14.514,66.337,37.672
Italy,2022,59.0137,59619.115,201.433,47.116,-0.186,6.705,1.24,12.44,82.052,2.595,3.878,231.228,2104067630319.0,35653.9,8.85022926,3155.45,11.88685894,23.32074165,,29109.539,30509.575,368.085,373.579,79.59,84.473,64.979,69.867,18.564,21.956,8.28,10.161,20.903,11.409,81.593,45.27,33.728,16.44,76.92,40.637
Italy,2023,58.9842,59499.453,201.029,47.461,-0.216,6.464,1.198,11.15,83.716,2.244,2.524,150.189,2316727999333.0,39277.08,8.40559483,3301.47,11.43561649,23.64643097,,29062.453,30437,320.426,343.022,81.568,85.746,66.845,70.991,19.669,22.756,8.769,10.496,13.763,7.624,61.427,36.316,23.426,12.775,58.144,33.494
Italy,2024,58.9527,59342.867,200.5,47.846,-0.311,6.483,1.206,11.198,83.869,2.221,1.605,95.246,2380825077244.0,40385.34,8.44437313,3410.29,,22.30979538,,29003.794,30339.073,320.803,343.691,81.753,85.873,67.032,71.123,19.837,22.869,8.847,10.54,13.82,7.808,60.641,36.071,23.106,12.723,57.339,33.187
Jordan,2010,7.297,7297.043,82.179,20.64,2.503,28.07,3.78,3.711,73.797,17.104,0.668,4.872,27133804225.0,3718.47,8.17025661,303.81,17.02058601,21.85514641,,3775.115,3521.929,15.707,11.369,71.891,76.02,58.748,62.593,13.964,16.431,5.805,6.906,49.648,38.478,154.417,107.92,52.805,39.442,132.012,89.048
Jordan,2011,7.4804,7480.424,84.245,20.823,2.462,27.398,3.69,3.726,73.929,16.68,0.943,7.057,29524149155.0,3946.86,8.14807701,321.59,15.41755867,20.90163994,,3867.15,3613.274,16.209,11.664,72.001,76.183,58.813,62.715,13.99,16.511,5.816,6.95,48.684,37.651,152.746,106.18,52.179,38.85,130.882,87.795
Jordan,2012,7.5871,7587.127,85.446,21.017,0.386,26.895,3.568,3.772,74.087,16.277,-19.267,-146.181,31634561690.0,4169.5,7.81799555,325.97,13.67097759,21.58314323,,3919.532,3667.596,16.67,11.95,72.149,76.359,58.914,62.854,14.033,16.598,5.833,6.998,47.523,36.807,150.456,104.275,51.229,38.162,129.143,86.346
Jordan,2013,7.9918,7991.809,90.004,21.153,9.769,24.926,3.449,3.595,74.282,15.886,76.282,609.631,34454440141.0,4311.22,7.16592407,308.94,13.12652111,22.13348579,,4133.022,3858.787,16.762,11.972,72.333,76.569,59.052,63.025,14.088,16.706,5.854,7.055,46.143,35.864,147.478,101.996,49.885,37.301,126.715,84.533
Jordan,2014,8.7917,8791.71,99.012,21.26,9.33,24.324,3.302,3.376,74.606,15.424,72.287,635.528,36847643521.0,4191.18,7.20892906,302.14,13.06403065,20.89077377,,4557.938,4233.773,17.281,12.397,72.662,76.873,59.334,63.292,14.224,16.878,5.914,7.149,44.289,34.72,142.481,98.827,47.637,36.02,122.268,81.822
Jordan,2015,9.5447,9544.729,107.493,21.495,7.194,23.653,3.141,3.171,75.06,14.98,51.426,490.844,38587017887.0,4042.76,7.4609561,301.63,12.21973801,29.33435059,,4951.939,4592.79,17.58,12.687,73.125,77.295,59.749,63.678,14.438,17.13,6.013,7.289,42.037,33.336,135.721,94.6,44.635,34.247,116.073,78.049
Jordan,2016,10.0064,10006.367,112.692,21.828,2.368,23.748,3.072,3.172,75.55,14.55,3.103,31.046,39892551127.0,3986.72,6.97644138,278.13,11.23799038,32.94747543,,5188.008,4818.359,18.488,13.257,73.586,77.814,60.163,64.163,14.674,17.465,6.139,7.482,40.211,31.936,129.501,89.852,42.173,32.337,110.424,73.741
Jordan,2017,10.2342,10234.226,115.258,22.182,2.138,23.217,2.994,3.098,76.071,14.099,1.258,12.873,41608435915.0,4065.62,7.10953665,289.05,11.0992403,33.99718094,,5302.586,4931.641,18.522,13.182,74.068,78.378,60.6,64.696,14.905,17.841,6.25,7.705,37.923,30.576,122.814,85.019,39.136,30.395,104.27,69.312
Jordan,2018,10.4623,10462.306,117.827,22.542,2.269,22.677,2.923,3.051,76.491,13.679,3.065,32.062,43370860704.0,4145.44,6.98295021,289.47,9.97671986,35.3108139,,5417.196,5045.11,18.698,13.227,74.456,78.834,60.948,65.123,15.092,18.143,6.339,7.883,36.172,29.451,117.578,81.184,36.881,28.888,99.518,65.861
Jordan,2019,10.6719,10671.891,120.187,22.906,1.703,22.236,2.855,3.033,76.865,13.226,-2.17,-23.156,44503006338.0,4170.11,7.07244635,294.93,10.08031368,36.0000267,,5522.154,5149.737,18.99,13.377,74.806,79.231,61.247,65.482,15.263,18.4,6.423,8.037,34.587,28.352,113.137,77.91,35.149,27.657,95.697,63.064
Jordan,2020,10.8652,10865.228,122.364,23.266,1.886,21.726,2.791,3.49,75.583,12.813,0.621,6.745,43700383099.0,4022.04,7.54554749,303.48,10.76589775,35.40723419,,5618.292,5246.935,22.62,15.301,73.371,78.252,59.736,64.447,14.053,17.571,5.778,7.481,33.458,27.75,124.635,83.908,36.788,29.127,107.996,69.628
Jordan,2021,11.0664,11066.356,124.63,23.606,1.784,21.309,2.735,4.068,74.204,12.449,0.594,6.573,46296100141.0,4183.5,7.69733906,322.02,10.3472929,35.78003311,,5718.054,5348.302,26.355,18.66,72.167,76.645,58.468,62.781,13.401,16.463,5.415,6.719,36.119,29.817,145.754,100.473,46.573,36.446,130.025,86.851
Jordan,2022,11.2563,11256.263,126.768,23.943,1.621,20.922,2.679,3.163,77.088,12.096,-1.55,-17.445,48764963380.0,4332.25,7.73623276,335.15,10.46629906,35.92578506,,5812.291,5443.973,20.867,14.741,75.029,79.433,61.342,65.579,15.296,18.46,6.422,8.032,32.124,26.596,110.241,75.943,34.254,27.127,94.36,62.336
Jordan,2023,11.4392,11439.213,128.829,24.279,1.604,20.611,2.639,3.049,77.814,11.751,-1.525,-17.445,51088476338.0,4466.08,7.66000605,342.1,10.50131416,34.4679451,,5903.251,5535.962,20.497,14.375,75.709,80.192,61.989,66.316,15.734,19.013,6.671,8.423,30.765,25.455,102.877,70.359,31.76,25.029,87.402,57.068
Jordan,2024,11.5529,11552.876,130.109,24.537,0.38,20.452,2.604,3.121,77.981,11.425,-13.535,-156.369,53352289577.0,4618.1,,,,,,5957.377,5595.499,21.148,14.904,75.892,80.335,62.137,66.433,15.837,19.101,6.723,8.475,30.029,24.957,101.069,69.278,31.236,24.678,86.023,56.29
Lebanon,2010,5.0413,5041.288,492.795,26.836,0.629,18.605,2.256,4.203,77.529,10.981,-8.116,-40.915,38443907042.0,7625.81,7.43864489,567.26,10.28593254,43.58500671,84.4,2507.564,2533.724,10.956,10.234,75.449,79.386,61.617,65.48,15.495,18.399,6.545,8.037,30.128,26.419,105.627,76.081,33.393,27.657,91.474,63.07
Lebanon,2011,5.096,5096.02,498.145,27.2,1.526,19.033,2.32,4.213,77.768,10.821,0.441,2.246,39927125962.0,7834.96,8.17744446,640.7,12.40328121,40.18660736,88.6,2535.598,2560.423,11.058,10.409,75.706,79.6,61.86,65.68,15.651,18.544,6.628,8.125,29.421,25.922,102.784,74.405,32.319,27.005,88.802,61.572
Lebanon,2012,5.2357,5235.742,511.803,27.548,3.852,18.962,2.345,4.208,77.941,10.774,23.765,124.427,44016799516.0,8406.98,7.00420094,588.84,10.07938385,37.33576584,94.43,2606.069,2629.673,11.318,10.712,75.886,79.762,62.041,65.842,15.781,18.665,6.697,8.199,29.292,25.7,101.07,73.271,31.84,26.542,87.09,60.449
Lebanon,2013,5.7434,5743.436,561.431,27.872,14.191,18.016,2.361,4.049,78.037,10.847,127.711,733.5,46880103081.0,8162.38,7.06742191,576.87,10.79288769,36.94981384,98.98,2859.856,2883.581,11.933,11.324,75.979,79.861,62.15,65.957,15.884,18.756,6.753,8.256,29.863,25.798,100.662,72.77,32.083,26.306,86.491,59.769
Lebanon,2014,6.347,6346.99,620.429,28.17,6.2,18.812,2.375,4.272,78.148,10.973,47.442,301.111,48095213747.0,7577.64,7.52191401,569.98,12.38764,35.56375885,100.81,3161.599,3185.392,13.891,13.226,76.094,79.968,62.279,66.074,15.975,18.844,6.802,8.309,29.887,25.759,99.579,72.066,31.686,25.957,85.253,58.946
Lebanon,2015,6.4725,6472.469,632.695,28.371,-2.201,19.555,2.382,4.509,78.275,11.174,-37.054,-239.829,49929337837.0,7714.11,7.41596651,572.08,12.66004276,32.6974411,97.03,3218.011,3254.458,14.937,14.249,76.221,80.096,62.422,66.215,16.062,18.948,6.85,8.376,29.663,25.678,98.187,71.216,30.934,25.519,83.67,57.97
Lebanon,2016,6.3231,6323.06,618.09,28.438,-2.473,19.197,2.39,4.718,78.306,11.386,-39.209,-247.921,51147308774.0,8089.01,7.92344952,640.93,13.16996193,31.97481537,96.27,3129.832,3193.227,15.291,14.539,76.233,80.171,62.439,66.288,16.092,18.994,6.864,8.403,30.171,25.453,98.32,70.522,31.379,25.174,83.762,57.303
Lebanon,2017,6.1601,6160.128,602.163,28.414,-2.751,18.648,2.372,4.984,78.192,11.714,-41.178,-253.664,53027680686.0,8608.21,7.80357552,671.75,12.02719212,33.06612396,100.55,3034.435,3125.693,15.778,14.925,76.072,80.13,62.315,66.279,16.092,18.993,6.865,8.402,32.492,25.916,101.39,71.088,33.751,25.312,86.411,57.496
Lebanon,2018,5.9841,5984.119,584.958,28.266,-3.051,18.09,2.347,5.195,78.263,12.145,-43.398,-259.7,54901519156.0,9174.54,8.07031727,740.41,11.66725445,35.30458069,106.65,2932.212,3051.907,15.826,15.259,76.26,80.093,62.554,66.288,16.109,18.993,6.872,8.402,29.908,26.408,97.219,71.413,29.577,25.153,81.612,57.281
Lebanon,2019,5.7946,5794.594,566.431,27.946,-3.392,17.622,2.327,5.458,78.208,12.668,-46.076,-266.992,51605959131.0,8905.88,8.68533897,773.51,13.68380451,30.71131897,109.74,2823.127,2971.467,16.076,15.552,76.211,80.048,62.557,66.291,16.108,18.993,6.871,8.403,30.507,26.959,97.756,71.902,29.489,25.107,81.525,57.217
Lebanon,2020,5.7024,5702.398,557.419,27.813,0.213,16.912,2.308,6.407,76.299,16.232,-8.38,-47.787,31712128254.0,5561.19,7.48221779,416.1,14.47089767,30.31226349,202.87,2770.02,2932.378,19.165,17.37,73.855,78.669,60.7,65.255,15.207,18.446,6.597,8.133,43.072,34.006,131.961,88.719,42.386,30.176,109.883,69.939
Lebanon,2021,5.7181,5718.122,558.956,27.954,0.338,16.573,2.283,8.421,73.65,14.047,-4.773,-27.29,23131941557.0,4045.37,4.40006208,178.0,11.56579113,32.36011505,516.82,2777.715,2940.407,25.932,22.221,71.022,76.357,57.525,62.756,12.989,16.398,5.316,7.209,42.181,34.971,164.243,101.406,54.011,37.821,146.109,84.557
Lebanon,2022,5.7445,5744.489,561.534,28.106,0.582,16.372,2.263,5.769,78.003,14.803,-4.788,-27.507,20992421949.0,3654.36,4.91255951,179.52,12.46416092,32.43323898,1401.65,2791.093,2953.396,16.723,16.414,75.979,79.864,62.535,66.292,16.108,18.994,6.872,8.403,33.533,29.218,100.732,74.059,29.915,25.111,81.999,57.22
Lebanon,2023,5.7735,5773.493,564.369,28.323,0.426,16.144,2.239,5.962,77.817,15.717,-5.922,-34.193,20078620357.0,3477.72,5.57497263,193.88,15.90552902,29.70126343,4504.1,2806.602,2966.891,17.429,16.989,75.744,79.734,62.401,66.253,16.089,18.978,6.864,8.396,36.371,30.536,104.484,75.664,31.989,25.439,84.565,57.747
Lebanon,2024,5.806,5805.962,567.543,28.555,0.695,15.958,2.227,6.035,77.945,15.358,-2.974,-17.267,,,,,,,6541.89,2823.634,2982.327,17.748,17.29,75.876,79.857,62.499,66.345,16.156,19.045,6.898,8.435,35.736,29.99,103.142,74.629,31.628,25.146,83.634,57.091
Saudi Arabia,2010,23.9785,25157.128,11.703,23.546,3.754,20.127,2.81,2.668,75.616,10.085,20.072,504.955,528207466667.0,22028.39,3.64786148,803.57,6.84370041,18.94513893,,15372.356,9784.772,44.635,22.491,74.113,78.038,60.341,64.173,16.282,17.899,7.557,7.92,45.246,27.914,153.707,95.946,58.149,31.923,139.09,82.39
Saudi Arabia,2011,25.0919,26105.645,12.144,24.193,3.65,20.324,2.8,2.642,75.808,9.488,18.818,491.253,680660800000.0,27126.75,3.68218255,998.86,7.57989597,15.62115383,,16052.058,10053.587,46.213,22.762,74.316,78.244,60.507,64.329,16.234,17.896,7.451,7.882,44.414,26.444,147.572,91.453,56.245,29.905,133.276,78.441
Saudi Arabia,2012,26.1689,27062.443,12.589,24.86,3.55,20.387,2.78,2.593,76.09,8.936,17.707,479.206,751921333333.0,28733.44,3.98779845,1145.83,8.25906754,15.15621376,,16736.409,10326.034,47.259,22.906,74.635,78.48,60.793,64.519,16.24,17.93,7.376,7.867,43.543,25.125,139.377,86.955,53.849,28.051,125.355,74.452
Saudi Arabia,2013,27.624,28026.825,13.038,25.545,3.454,19.712,2.67,2.506,76.517,8.42,17.333,485.794,769755733333.0,27865.47,4.42293596,1232.47,8.74786663,14.35986423,,17425.279,10601.547,47.473,22.768,75.131,78.792,61.255,64.787,16.373,18.052,7.391,7.915,42.615,23.938,129.352,82.544,51.118,26.424,115.645,70.554
Saudi Arabia,2014,28.3093,28998.128,13.489,26.248,3.361,19.822,2.68,2.392,77.116,7.939,16.178,469.144,787153066667.0,27805.49,5.15800905,1434.21,9.27807522,13.13586998,,18118.588,10879.541,46.927,22.437,75.826,79.21,61.91,65.16,16.681,18.298,7.539,8.051,41.668,22.883,118.219,78.355,48.305,25.076,104.931,66.899
Saudi Arabia,2015,29.8164,29974.938,13.944,26.967,3.266,19.405,2.63,2.266,77.776,7.494,15.523,465.292,693414400000.0,23256.15,5.8620224,1363.28,10.06429672,14.38336658,,18815.81,11159.128,46.002,21.912,76.583,79.678,62.621,65.584,17.075,18.617,7.757,8.247,40.751,21.958,107.902,74.647,45.854,24.027,95.154,63.738
Saudi Arabia,2016,30.9542,30717.808,14.289,27.634,1.65,19.553,2.65,2.178,78.354,7.085,-0.879,-26.997,689279466667.0,22267.72,6.24142838,1389.82,12.60635757,14.45141888,,19296.03,11421.779,45.464,21.447,77.227,80.112,63.213,65.975,17.422,18.928,7.95,8.452,39.852,21.158,99.908,71.679,44.047,23.288,87.798,61.317
Saudi Arabia,2017,30.9774,30782.402,14.319,28.11,-1.226,19.824,2.67,2.174,78.721,6.711,-29.914,-920.812,741266133333.0,23929.29,6.03126049,1443.24,13.51315784,14.3235302,,19193.774,11588.628,45.44,21.484,77.6,80.429,63.53,66.249,17.587,19.153,8.019,8.614,38.882,20.483,95.066,69.678,42.97,22.869,83.651,59.848
Saudi Arabia,2018,30.1963,30365.121,14.125,28.32,-1.505,19.739,2.67,2.228,78.75,6.371,-32.562,-988.751,886564800000.0,29360.07,5.34063101,1568.01,11.04889965,15.89835358,,18713.633,11651.487,45.64,22.023,77.551,80.543,63.422,66.321,17.436,19.209,7.867,8.682,37.722,19.931,94.136,68.872,42.698,22.791,83.438,59.549
Saudi Arabia,2019,30.0638,30472.811,14.175,28.404,2.207,18.075,2.49,2.295,78.313,6.062,6.287,191.582,888890133333.0,29566.79,5.46743011,1616.54,11.97922897,11.40407372,,18639.721,11833.091,47.083,22.867,76.943,80.375,62.754,66.113,16.867,19.023,7.42,8.606,36.357,19.499,98.473,69.477,43.528,23.074,88.49,60.629
Saudi Arabia,2020,31.5525,30991.207,14.417,28.489,1.176,16.628,2.27,2.46,77.596,5.78,-2.411,-74.725,767951200000.0,24338.83,6.64630127,1617.63,13.31901741,10.08158016,,18870.229,12120.978,51.799,24.445,76.014,80.055,61.77,65.756,16.111,18.702,6.844,8.441,35.172,19.15,107.388,70.811,45.534,23.516,98.065,62.389
Saudi Arabia,2021,30.7844,31328.375,14.573,28.508,0.989,15.902,2.17,2.615,77.089,5.521,-3.393,-106.287,982661066667.0,31920.77,5.93033648,1893.01,14.40493202,10.15629482,,19026.952,12301.423,56.118,25.79,75.329,79.881,61.043,65.551,15.622,18.503,6.464,8.323,34.559,18.808,116.094,71.322,47.823,23.701,107.286,63.259
Saudi Arabia,2022,32.1752,32175.352,14.967,28.731,4.302,15.217,2.14,2.57,77.31,5.278,30.367,977.072,1239075200000.0,38510.23,5.31400585,2046.44,14.51105118,12.78343868,,19541.493,12633.859,56.602,26.098,75.493,80.159,61.188,65.806,15.822,18.692,6.569,8.393,34.633,18.389,116.881,69.369,48.607,23.189,108.336,61.58
Saudi Arabia,2023,33.7027,33264.292,15.474,29.247,2.387,16.415,2.28,2.34,78.732,5.059,9.791,325.691,1218584533333.0,36156.85,5.68722248,2056.32,13.69143009,14.11603928,,20176.188,13088.104,52.609,25.227,77.097,81.156,62.806,66.795,17.175,19.506,7.489,8.781,35.946,17.9,104.243,63.848,46.777,21.695,95.551,56.185
Saudi Arabia,2024,35.3003,33962.757,15.799,29.563,1.776,16.495,2.308,2.337,78.982,6.045,3.597,122.17,1239804533333.0,35121.66,,,,,,20559.49,13403.266,53.21,26.146,77.329,81.33,63.237,67.009,17.36,19.692,7.843,8.917,38.017,17.497,97.651,62.567,43.18,20.637,86.508,54.455
Syria,2010,22.4824,22482.421,122.38,20.685,2.243,28.673,3.355,3.824,73.542,15.099,-2.418,-54.359,61390830875.0,2730.61,3.35286307,91.55,5.12483168,51.97356415,,11337.061,11145.36,48.137,37.843,71.614,75.618,58.414,62.129,13.835,16.142,5.757,6.752,50.861,38.997,159.782,112.328,56.206,41.872,138.041,94.134
Syria,2011,22.8781,22878.098,124.534,20.859,1.255,28.11,3.285,4.334,72.259,16.167,-11.229,-256.888,67539428159.0,2952.14,2.6616261,78.58,3.73561525,50.69988632,,11536.71,11341.388,57.184,41.968,69.863,74.86,56.912,61.663,13.66,15.966,5.689,6.67,74.345,45.606,193.876,123.323,82.648,46.553,169.411,101.558
Syria,2012,22.7598,22759.763,123.89,20.788,-2.301,27.722,3.221,6.829,66.206,20.896,-43.905,-999.267,43190318033.0,1897.66,3.22060776,61.12,4.47145319,50.79894638,,11471.073,11288.69,99.194,56.223,61.626,71.525,49.622,59.596,12.798,15.221,5.373,6.338,191.066,75.787,355.223,173.302,215.835,68.876,322.22,136.275
Syria,2013,21.6669,21666.917,117.941,20.131,-7.674,26.868,3.165,7.514,65.146,21.983,-96.059,-2081.303,21361254635.0,985.89,3.77518535,37.22,5.93319607,44.73649216,,10910.181,10756.737,104.149,58.664,60.25,70.871,48.428,59.2,12.643,15.079,5.329,6.286,211.242,81.923,381.683,183.173,238.116,73.261,347.258,143.085
Syria,2014,20.2737,20273.659,110.357,19.082,-5.548,23.784,3.117,7.353,65.492,21.566,-71.9,-1457.679,21502061466.0,1060.59,4.23171377,44.88,7.40168428,46.92281723,,10199.099,10074.56,94.071,55.004,60.579,71.198,48.644,59.386,12.701,15.15,5.36,6.327,207.282,78.788,376.069,178.424,234.786,71.335,342.786,140.022
Syria,2015,19.4246,19424.618,105.735,18.418,-2.953,21.298,3.067,8.223,63.265,22.256,-42.6,-827.496,16466863117.0,847.73,3.67464328,31.15,7.52296495,44.63256073,,9758.285,9666.333,104.217,55.515,57.195,70.646,45.235,58.976,12.414,15.065,5.27,6.299,263.176,84.076,445.324,188.568,302.912,77.456,414.09,148.618
Syria,2016,19.1938,19193.834,104.479,18.358,0.583,19.619,3.012,7.323,65.19,20.449,-6.464,-124.063,12597854877.0,656.35,3.89073515,25.54,8.31573296,45.03229904,,9625.815,9568.019,90.127,50.428,59.5,71.924,47.194,59.749,12.698,15.348,5.366,6.415,229.172,72.084,401.851,169.424,266.397,68.969,373.314,135.465
Syria,2017,19.2247,19224.668,104.647,18.577,-0.262,19.585,2.972,7.246,65.651,20.73,-14.955,-287.501,16369843352.0,851.5,3.91299295,33.32,8.94476509,43.80283356,,9626.998,9597.669,87.864,51.437,60.292,71.877,48.069,59.757,12.744,15.326,5.38,6.407,215.295,72.518,384.777,169.386,248.425,68.286,354.949,134.745
Syria,2018,19.5778,19577.845,106.569,19.067,3.865,18.932,2.932,6.544,67.371,20.578,26.259,514.102,21497782868.0,1098.07,3.93852568,43.25,8.54822063,43.07528687,,9792.72,9785.124,77.051,51.067,63.031,72.185,50.874,60.017,12.954,15.365,5.445,6.421,170.63,69.622,327.719,163.143,192.616,64.101,295.917,128.991
Syria,2019,20.3535,20353.534,110.792,19.807,3.905,19.717,2.878,5.284,70.97,17.652,24.614,500.985,22583045060.0,1109.54,3.96978569,44.05,9.07068634,41.6618576,,10175.062,10178.472,61.569,45.983,67.833,74.253,55.07,61.285,13.479,15.822,5.629,6.608,103.252,50.812,234.309,132.246,116.598,50.476,208.12,107.738
Syria,2020,21.0494,21049.429,114.58,20.44,2.837,20.64,2.837,5.058,71.944,16.668,12.782,269.05,12047752036.0,572.36,3.67009115,21.01,10.02773762,48.33858871,,10520.993,10528.436,60.092,46.367,69.174,74.808,56.183,61.572,13.207,15.855,5.461,6.594,76.323,43.824,202.68,122.952,86.623,45.324,178.756,101.69
Syria,2021,21.6288,21628.839,117.734,20.977,2.597,21.172,2.798,4.964,72.418,16.165,9.766,211.22,14353205678.0,663.61,3.50403309,23.25,7.69676352,59.46178436,,10810.785,10818.055,57.983,49.377,70.235,74.594,57.145,61.225,13.29,15.596,5.462,6.356,58.802,42.087,183.887,125.196,68.525,46.38,161.017,105.561
Syria,2022,22.4622,22462.173,122.27,21.588,4.92,21.234,2.746,4.773,72.79,16.243,32.728,735.142,23622827080.0,1051.67,3.3840971,35.59,7.90796661,59.94300842,,11228.512,11233.661,59.028,48.192,70.383,75.204,57.347,61.901,13.728,16.062,5.716,6.717,67.896,42.823,183.918,118.361,75.503,44.309,160.424,97.922
Syria,2023,23.5946,23594.623,128.434,22.249,4.917,22.107,2.712,5.039,72.12,16.736,32.097,757.309,,,2.70998812,,7.71054459,72.40081787,,11795.581,11799.042,64.983,53.917,69.829,74.412,57.003,61.382,13.663,15.973,5.689,6.689,74.433,51.893,193.673,131.618,80.711,51.722,167.61,107.757
Syria,2024,24.6728,24672.76,134.303,22.827,4.038,23.162,2.7,4.932,72.56,15.466,22.15,546.494,,,,,,,,12341.17,12331.59,67.01,54.684,70.21,74.916,57.266,61.721,13.788,16.159,5.743,6.777,71.259,48.315,188.132,125.415,78.345,49.412,163.45,103.55
Türkiye,2010,73.1422,73346.769,95.305,28.077,1.198,17.195,2.08,5.968,74.964,15.264,0.757,55.532,782545664268.0,10698.97,5.02053452,537.15,11.03767395,16.87221718,,36810.898,36535.871,247.553,190.144,71.903,78.212,58.405,64.65,14.029,17.604,5.469,7.802,43.881,30.721,161.474,80.242,54.537,26.968,143.625,63.08
Türkiye,2011,74.2236,74215.203,96.433,28.463,1.156,16.833,2.047,6.202,74.823,14.337,0.928,68.849,844192507381.0,11373.64,4.6530509,529.22,11.22104549,15.89518452,,37248.974,36966.229,261.735,198.546,71.758,78.121,58.172,64.478,13.861,17.464,5.338,7.656,42.91,29.86,162.591,80.16,55.174,27.35,145.759,63.944
Türkiye,2012,75.1758,75197.198,97.709,28.809,1.471,17.187,2.109,5.917,75.552,13.473,3.439,258.623,885327622479.0,11776.76,4.44444656,523.41,10.30854511,15.9315958,,37726.635,37470.564,252.329,192.587,72.477,78.813,58.809,65.085,14.249,17.915,5.539,7.909,39.785,27.517,152.362,74.601,51.242,25.212,136.498,59.447
Türkiye,2013,76.1476,76403.031,99.276,29.128,1.709,17.049,2.107,5.702,76.171,12.695,5.741,438.618,962167643589.0,12635.56,4.37099934,552.3,10.16183186,16.92680168,,38318.399,38084.632,245.959,189.7,73.118,79.365,59.376,65.564,14.584,18.271,5.722,8.108,36.959,25.673,143.298,70.303,47.744,23.64,128.298,56.069
Türkiye,2014,77.1819,78036.154,101.398,29.397,2.513,17.547,2.186,5.664,76.452,12.005,13.242,1033.384,942343431929.0,12209.39,4.32517862,528.08,10.29003143,17.72542191,,39125.774,38910.38,248.159,193.804,73.443,79.582,59.636,65.715,14.675,18.352,5.78,8.134,34.708,24.394,138.007,68.148,45.507,22.949,123.751,54.701
Türkiye,2015,78.2185,80014.226,103.968,29.621,2.494,17.362,2.157,5.711,76.539,11.381,13.287,1063.14,865460050684.0,11064.65,4.11690426,455.52,9.90802383,16.94873238,,40105.684,39908.542,257.54,199.388,73.481,79.74,59.61,65.811,14.65,18.411,5.763,8.135,34.213,23.271,136.926,66.512,45.919,22.502,123.431,53.808
Türkiye,2016,79.278,81652.088,106.096,29.875,1.568,17.155,2.115,5.787,76.595,10.807,4.312,352.063,870818016910.0,10984.36,4.28469229,470.65,9.94375896,16.46614456,,40913.63,40738.458,266.972,205.533,73.49,79.858,59.563,65.873,14.637,18.446,5.759,8.122,34.453,22.288,136.643,65.253,47.106,22.178,123.83,53.213
Türkiye,2017,80.3127,83083.662,107.956,30.152,1.905,16.76,2.082,5.651,77.037,10.288,7.942,659.846,863874522365.0,10756.39,4.17974997,449.59,9.96030045,17.38420105,,41617.836,41465.825,264.692,204.79,73.957,80.252,59.982,66.22,14.806,18.701,5.864,8.262,31.142,20.993,129.513,62.469,43.125,21.017,117.247,51.016
Türkiye,2018,81.4072,84415.969,109.688,30.45,1.281,16.138,2.004,5.545,77.454,9.814,2.222,187.57,788356985774.0,9684.12,4.12101603,399.08,9.29888058,17.49141884,,42272.56,42143.408,263.49,204.601,74.385,80.634,60.367,66.558,15.002,18.953,5.99,8.406,29.031,19.81,123.934,60.024,40.575,19.983,112.191,49.115
Türkiye,2019,82.5794,85357.672,110.911,30.825,0.939,15.095,1.886,5.52,77.737,9.379,-0.184,-15.69,775853144223.0,9395.23,4.35954332,409.59,9.53611851,17.04763412,,42726.628,42631.043,264.596,206.539,74.678,80.89,60.619,66.774,15.121,19.108,6.073,8.489,27.51,18.834,120.012,58.258,38.914,19.249,108.758,47.84
Türkiye,2020,83.3847,86091.692,111.865,31.245,0.774,13.88,1.768,6.58,76.525,8.96,0.441,37.934,733628247119.0,8798.12,4.61640215,406.16,10.49731636,16.43061447,,43068.231,43023.461,322.414,244.07,73.441,79.887,59.322,65.715,13.947,18.092,5.301,7.726,27.131,18.169,128.214,60.252,41.294,19.96,117.598,50.391
Türkiye,2021,84.1473,86686.253,112.637,31.653,0.603,13.185,1.708,7.389,75.722,8.548,0.234,20.283,839938668172.0,9981.76,4.56065559,455.23,11.48819828,16.27120399,,43334.332,43351.921,359.131,281.403,72.719,79.004,58.552,64.781,13.769,17.605,5.394,7.333,27.18,18.246,147.004,71.31,47.225,23.528,137.08,62.06
Türkiye,2022,84.9799,87058.473,113.121,32.072,0.255,12.394,1.625,6.384,77.591,8.152,-3.464,-301.544,926097476914.0,10897.84,3.70338893,403.59,10.18368053,19.47843933,,43491.874,43566.598,314.702,241.07,74.655,80.719,60.472,66.473,14.947,18.866,6.027,8.219,24.15,16.504,119.999,58.721,37.882,19.09,110.218,49.818
Türkiye,2023,85.326,87270.501,113.397,32.52,0.232,12.284,1.625,6.321,77.156,9.163,-3.645,-318.07,1141242864657.0,13375.09,4.27524424,571.82,9.78045368,19.04723167,,43577.543,43692.958,305.771,245.827,74.529,79.855,60.855,66.257,15.569,19.457,6.409,8.776,37.579,35.316,127.556,81.883,44.482,32.629,111.372,64.99
Türkiye,2024,85.5187,87473.805,113.661,32.987,0.234,12.125,1.621,6.635,77.421,9.591,-3.155,-275.952,1359123768774.0,15892.72,,,,,,43661.516,43812.289,322.961,257.436,74.619,80.342,60.537,66.301,15.184,18.765,6.055,8.307,28.841,20.804,122.413,62,41.071,20.847,111.426,50.657
